user_id,video_id,event_type,timestamp
user_1,b093aqAZiPU,view,2026-10-04T12:16:21.944765+00:00
user_1,Z1Yd7upQsXY,view,2026-10-04T12:17:13.391395+00:00
user_1,kqtD5dpn9C8,view,2026-10-06T10:40:59.980949+00:00
user_1,kqtD5dpn9C8,view,2026-10-06T10:48:19.567397+00:00
user_1,kqtD5dpn9C8,like,2026-10-06T10:48:27.684845+00:00
user_1,gbYLsUngzLc,view,2026-10-06T10:49:49.118148+00:00
user_1,gbYLsUngzLc,like,2026-10-06T10:50:09.704973+00:00
user_1,_uQrJ0TkZlc,view,2026-10-06T11:03:26.834082+00:00
user_1,_uQrJ0TkZlc,like,2026-10-06T11:03:43.343664+00:00
user_1,_uQrJ0TkZlc,view,2026-10-06T11:03:47.204808+00:00
user_1,_uQrJ0TkZlc,like,2026-10-06T11:03:53.336232+00:00
user_1,_uQrJ0TkZlc,view,2026-10-06T11:03:56.623217+00:00
